Andrew Holland <54564354+ElectricErudite@users.noreply.github.com>
Andrew Holland <ElectricErudite@protonmail.com>
Anthon van der Neut <anthon@mnt.org>
Anthony Duer <42132574+anthonyduer@users.noreply.github.com>
Anthony Duer <anthony.c.duer@gmail.com>
Aravind Mannarswamy <46578009+amannars@users.noreply.github.com>
Arshad Moeen <35902239+arshadmm@users.noreply.github.com>
Arshad Moeen <marshad@iu.edu>
Ashok <ashokmadhu66@gmail.com>
Badi Abdul-Wahid <abdulwahidc@gmail.com>
Bo Feng <bfeng1216@gmail.com>
Brian Funk <brianfunk3.0@gmail.com>
Chun-Sheng Wu <kimballXD@gmail.com>
Dave DeMeulenaere <davidmdem@gmail.com>
Eric Colliner <46455904+colliner@users.noreply.github.com>
Eric Collins <46455904+colliner@users.noreply.github.com>
Fugang Wang <kevinwangfg@gmail.com>
Gerald Manipon <geraldjohn.m.manipon@jpl.nasa.gov>
Gregor von Laszewski <laszewski@gmail.com>
Hamid Bahramian <hamid.bahramian@gmail.com>
Hamid Bahramian <hrbahramian@users.noreply.github.com>
Harsha Upadhyay <54589776+haupadhy@users.noreply.github.com>
Himanshu Gupta <himanshu.3jul@gmail.com>
Jagadeesh Kandimalla <jkandimaedu@gmail.com>
Jagadeesh Kandimalla <54603978+jkandima@users.noreply.github.com>
Jeevan Reddy Rachepalli <jeevan.nitw123@gmail.com>
Jing Huang <hyspoc@gmail.com>
Joaquin Avila Eggleton <juaco77@me.com>
Joaquin Avila Eggleton <javilaeg@iu.edu>
Karthick <vkarthickprabu@gmail.com>
Keli Fine <kelfin373@gmail.com>
Ketan Pimparkar <43309148+kpimparkar@users.noreply.github.com>
Kimball Wu <kimballXD@gmail.com>
Laurie Aldape <30604670+campfire29@users.noreply.github.com>
Mallik Challa <44556708+mallik3006@users.noreply.github.com>
Manjunath Sivan <46654189+manjunathsivan@users.noreply.github.com>
Niranda Perera <niranda.perera@gmail.com>
Nayeemullah Baig Shaik <nayeemullahbaig.93@gmail.com>
Ritesh Tandon <tandon.ritz@gmail.com>
Rob Ludwig <rob.ludwig@rideamigos.com>
Rob Ludwig <robludwig@gmail.com>
Rob Ludwig <rwludwig@indiana.edu>
Rob Ludwig <rwludwig@indiana.edu>Eric Colliner <46455904+colliner@users.noreply.github.com>
Rui Li <li530@indiana.edu>
Rui Li <ruili@149-161-202-213.dhcp-bl.indiana.edu>
Rui Li <ruili@149-161-203-103.dhcp-bl.indiana.edu>
Rui Li <ruili@149-161-248-20.dhcp-bl.indiana.edu>
Rui Li <ruili@ruidembp.attlocal.net>
Sachith Danushka Withana <swsachith@gmail.com>
Shirish Joshi <46567073+joshish-iu@users.noreply.github.com>
Shirish Joshi <joshish@iu.edu>
Shreyans Jain <shrejain@iu.edu>
Shreyans Jain <54565071+toshreyansjain@users.noreply.github.com>
Scott McClary <scmcclar@indiana.edu>
Shivani Katukota <shivani.katukota@gmail.com>
Sriman <sriman.mca@gmail.com>
Swaroop, Saurabh <saurabhiu@Saurabhs-MacBook-Pro.local>
Tarun Rawat <44417270+trawat87@users.noreply.github.com>
Tarun Rawat <trawat@iu.edu>
Tharak Vangalapat <46529297+tvangalapat@users.noreply.github.com>
Vafa Andalibi <Vafa-Andalibi@users.noreply.github.com>
Vafa Andalibi <vafa.andalibi@gmail.com>
Vibhatha Lakmal <vibhatha@gmail.com>
William Screen <26144454+william-screen@users.noreply.github.com>
Xiao Yue <xiaoyue@xiaos-MacBook-Pro.local>
Yu Luo <luoyu357@gmail.com>
Zhengyi Li <46538081+zhengyili4321@users.noreply.github.com>
Zhengyi Li <zeliglee@gmail.com>
Andrew Goldfarb <andrewgoldfarb@Andrews-MacBook-Pro.local>
Andrew Holland <54564354+ElectricErudite@users.noreply.github.com>
Andrew Holland <ElectricErudite@protonmail.com>
Anthon van der Neut <anthon@mnt.org>
Anthony Duer <42132574+anthonyduer@users.noreply.github.com>
Anthony Duer <anthony.c.duer@gmail.com>
Aravind Mannarswamy <46578009+amannars@users.noreply.github.com>
Arshad Moeen <35902239+arshadmm@users.noreply.github.com>
Arshad Moeen <marshad@iu.edu>
Ashok <ashokmadhu66@gmail.com>
Ashok Reddy Singam <31090629+asingam2017@users.noreply.github.com>
Badi Abdul-Wahid <abdulwahidc@gmail.com>
Bo Feng <bfeng1216@gmail.com>
Brian Funk <54723163+brianfunk3@users.noreply.github.com>
Brian Funk <brianfunk3.0@gmail.com>
Brian Kegerreis <bjkegerr@iu.edu>
Chenxu <wang542@iu.edu>
Dave DeMeulenaere <davidmdem@gmail.com>
David Drummond <52496918+daviddrummond95@users.noreply.github.com>
Eric Collins <46455904+colliner@users.noreply.github.com>
FalconiNicasio <46474719+FalconiNicasio@users.noreply.github.com>
FalconiNicasio <lfnicasio@gmail.com>
Fugang Wang <kevinwangfg@gmail.com>
Gerald Manipon <geraldjohn.m.manipon@jpl.nasa.gov>
Gregor von Laszewski <laszewski@gmail.com>
Hamid Bahramian <hamid.bahramian@gmail.com>
Hamid Bahramian <hrbahramian@users.noreply.github.com>
Harsha Upadhyay <54589776+haupadhy@users.noreply.github.com>
Himanshu Gupta <himanshu.3jul@gmail.com>
Jagadeesh Kandimalla <54603978+jkandima@users.noreply.github.com>
Jagadeesh Kandimalla <jkandimaedu@gmail.com>
Jeevan Reddy Rachepalli <jeevan.nitw123@gmail.com>
Jing Huang <hyspoc@gmail.com>
Joaquin Avila Eggleton <javilaeg@iu.edu>
Joaquin Avila Eggleton <juaco77@me.com>
Jonathan Beckford <jebeckford@gmail.com>
Karthick <vkarthickprabu@gmail.com>
Keli Fine <kelfin373@gmail.com>
Ketan Pimparkar <43309148+kpimparkar@users.noreply.github.com>
KetanP <kpimparkar@gmail.com>
Kimball Wu <kimballXD@gmail.com>
Sara Lam <59988710+Lamcloud@users.noreply.github.com>
Lars Olson <eriklarsolson@yahoo.com>
Laurie Aldape <30604670+campfire29@users.noreply.github.com>
Mallik Challa <44556708+mallik3006@users.noreply.github.com>
Manjunath Sivan <46654189+manjunathsivan@users.noreply.github.com>
Nayeemullah Baig Shaik <nayeemullahbaig.93@gmail.com>
Niranda Perera <niranda.perera@gmail.com>
Prateek Shaw <prateekazam@gmail.com>
Ritesh Tandon <tandon.ritz@gmail.com>
Rob Ludwig <rob.ludwig@rideamigos.com>
Rob Ludwig <robludwig@gmail.com>
Rob Ludwig <rwludwig@indiana.edu>
Rob Ludwig <rwludwig@iu.edu>
Rui Li <li530@indiana.edu>
Rui Li <ruili@149-161-202-213.dhcp-bl.indiana.edu>
Rui Li <ruili@149-161-203-103.dhcp-bl.indiana.edu>
Rui Li <ruili@149-161-248-20.dhcp-bl.indiana.edu>
Rui Li <ruili@ruidembp.attlocal.net>
Sachith Danushka Withana <swsachith@gmail.com>
Sara Lam <saylam@iu.edu>
Saurabh Swaroop <saurabh.bmas@gmail.com>
Scott McClary <scmcclar@indiana.edu>
Seema Achath <sachath@iu.edu>
Shirish Joshi <46567073+joshish-iu@users.noreply.github.com>
Shirish Joshi <joshish@iu.edu>
Shivani Katukota <54708104+katukota@users.noreply.github.com>
Shivani Katukota <shivani.katukota@gmail.com>
Shreyans Jain <54565071+toshreyansjain@users.noreply.github.com>
Shreyans Jain <shrejain@iu.edu>
Sriman <sriman.mca@gmail.com>
Subramaniyam Raizada <sub@subraizada.com>
Swaroop, Saurabh <saurabhiu@Saurabhs-MacBook-Pro.local>
Tarun Rawat <44417270+trawat87@users.noreply.github.com>
Tarun Rawat <trawat@iu.edu>
Tharak Vangalapat <46529297+tvangalapat@users.noreply.github.com>
Tharak Vangalapat <vtharak@gmail.com>
Tyler Balson <35174748+tbalson@users.noreply.github.com>
Tyler Balson <tbalson@indiana.edu>
Vafa Andalibi <Vafa-Andalibi@users.noreply.github.com>
Vafa Andalibi <vafa.andalibi@gmail.com>
Vibhatha Lakmal <vibhatha@gmail.com>
William Screen <26144454+william-screen@users.noreply.github.com>
Xiao Yue <xiaoyue@xiaos-MacBook-Pro.local>
Yu Luo <luoyu357@gmail.com>
Yue, Xiao <38227314+xiaoyue10131748@users.noreply.github.com>
Zhengyi Li <46538081+zhengyili4321@users.noreply.github.com>
Zhengyi Li <zeliglee@gmail.com>
Andrew Goldfarb <andrew.goldfarb1@gmail.com>
Josh Baker <baker203@iu.edu>
Brian Kegerreis <59945229+bkegerreis@users.noreply.github.com>
Brian Kegerreis <bjkegerr@iu.edu>
Deepak Deopura <54733952+deepakdeopura@users.noreply.github.com>
Deepak Deopura <Ohio*1234>
David Drummond <daviddrummond1995@gmail.com>
Ishan Mishra <59988320+imishra1@users.noreply.github.com>
Ishan Mishra <imishra1@iu.edu>
Rahul <software.engr+iu@gmail.com>
Jonathan Beckford <jebeckford@gmail.com>
Prateek Shaw <prateekazam@gmail.com>
Prateek Shaw <Prateek$123>
Prateek Shaw <prateekazam@gmail.com>
Pratibha Pagadala <54566388+prati-mp@users.noreply.github.com>
Pratibha Pagadala <prmadh@iu.edu>
Rahul <software.engr@gmail.com>
Shihui Jiang <jiangsh1203@gmail.com>
Yasir Al Ilbadi <yalibadi@iu.edu>
